period,sales.kg,year,month,day,week,quincena,price,wd,wpd,Variants,TRPs,adstocks,trend1,trend2,y2002
1,685.537,2002,1,6,1,0,25.8381312887596,5529.55293653797,959.704747228446,85,0,6000,1,0.693147180559945,85
2,768.234,2002,1,13,2,0,26.031828329803,5558.86328864496,932.070168611427,87,472.11,5872.11,2,1.09861228866811,87
3,894.643,2002,1,20,3,1,25.6472582264914,5640.98878995821,1629.95039965189,87,505.64,5790.539,3,1.38629436111989,87
4,773.501,2002,1,27,4,0,25.5861351835871,5665.83209853721,1580.08749938477,87,1054.22,6265.7051,4,1.6094379124341,87
5,954.6,2002,2,3,5,1,25.4939553737922,5701.52933345971,1642.49420328715,87,548.09,6187.22459,5,1.79175946922805,87
6,852.853,2002,2,10,6,0,25.6604260556279,5658.47726722222,1243.62568982426,86,745.85,6314.352131,6,1.94591014905531,86
7,851.082,2002,2,17,7,1,25.7635259870814,5679.6235491327,1405.79942462188,88,440.9,6123.8169179,7,2.07944154167984,88
8,798.745,2002,2,24,8,0,25.597241344902,5702.04540202291,1418.25182138989,86,852.29,6363.72522611,8,2.19722457733622,86
9,972.928,2002,3,3,9,1,25.2356335120423,5727.76798141409,1516.20080230649,86,532.41,6259.762703499,9,2.30258509299405,86
10,824.287,2002,3,10,10,0,25.6217371576327,5737.23299045524,1211.43408509061,86,1089.67,6723.4564331491,10,2.39789527279837,86
11,887.167,2002,3,17,11,1,25.4558486248504,5790.44515205783,1352.84433861533,87,557.35,6608.46078983419,11,2.484906649788,87
12,811.241,2002,3,24,12,0,25.3686747079675,5832.43396129812,1445.71927001569,88,925.49,6873.10471085077,12,2.56494935746154,88
13,887.554,2002,3,31,13,1,25.5103968181981,5857.74222862999,1217.03695139557,89,416.26,6602.0542397657,13,2.63905732961526,89
14,976.519,2002,4,7,14,0,25.4288491308257,5842.1099198249,1338.89741706776,89,980.99,6922.83881578913,14,2.70805020110221,89
15,913.323,2002,4,14,15,0,25.2429598292937,5846.98018402296,1086.79554179909,90,757.66,6988.21493421021,15,2.77258872223978,90
16,915.869,2002,4,21,16,1,25.1303989733382,5891.21757169254,1224.64249173536,90,1004.84,7294.23344078919,16,2.83321334405622,90
17,831.612,2002,4,28,17,0,25.1727908000706,5873.92717876679,1486.93281014967,91,1102.47,7667.28009671027,17,2.89037175789616,91
18,1040.421,2002,5,5,18,1,25.0683021422072,5866.67360704875,1411.10417025394,92,988.02,7888.57208703925,18,2.94443897916644,92
19,797.394,2002,5,12,19,0,25.1740961976971,5892.52670003588,1038.05530543498,92,585.66,7685.37487833532,19,2.99573227355399,92
20,1062.304,2002,5,19,20,1,24.9036765081655,6027.61676258259,1028.05019590045,92,1087.78,8004.61739050179,20,3.04452243772342,92
21,969.495,2002,5,26,21,0,23.8210344784591,5983.22909430581,1210.92092677648,92,889.51,8093.66565145161,21,3.09104245335832,92
22,1258.596,2002,6,2,22,1,23.7101330651895,6122.34133582425,1544.33104689915,92,1108.71,8393.00908630645,22,3.13549421592915,92
23,969.413,2002,6,9,23,0,24.6131207020835,6141.4736013748,1274.33430696079,92,706.35,8260.0581776758,23,3.17805383034795,92
24,933.145,2002,6,16,24,1,25.0422820253661,6116.655866823,909.351526214676,92,929.95,8364.00235990823,24,3.2188758248682,92
25,925.393,2002,6,23,25,0,24.8879997292293,6117.42511749547,960.711026886135,90,931.17,8458.7721239174,25,3.25809653802148,90
26,982.814,2002,6,30,26,1,25.2800578412638,6148.96940335934,811.681333639001,92,989.83,8602.72491152566,26,3.29583686600433,92
27,1010.309,2002,7,7,27,0,25.1391246970784,6196.88921156172,908.80420117833,91,915.91,8658.3624203731,27,3.3322045101752,91
28,977.329,2002,7,14,28,0,25.1955353925127,6176.67920675787,892.162625080263,93,901.55,8694.07617833579,28,3.36729582998647,93
29,987.988,2002,7,21,29,1,25.024149585028,6181.57683251682,1059.87760809074,92,1281.43,9106.09856050221,29,3.40119738166216,92
30,918.484,2002,7,28,30,0,24.6647530143074,6192.37420170739,937.298565902113,91,1182.21,9377.69870445199,30,3.43398720448515,91
31,1084.929,2002,8,4,31,1,24.8913310910501,6237.85677972482,965.657372846904,91,1241.53,9681.45883400679,31,3.46573590279973,91
32,918.807,2002,8,11,32,0,25.0148523855119,6215.43133551129,1072.60244050299,92,1014.76,9728.07295060611,32,3.49650756146648,92
33,1087.361,2002,8,18,33,1,24.9462332521945,6208.83856878361,1226.19253221949,94,977.22,9732.4856555455,33,3.52636052461616,94
34,927.589,2002,8,25,34,0,24.6448735716178,6225.04132042615,1289.84258322048,96,905.7,9664.93708999095,34,3.55534806148941,96
35,1037.083,2002,9,1,35,1,24.5383850709531,6273.33313865054,1349.31205551068,95,913.25,9611.69338099186,35,3.58351893845611,95
36,935.128,2002,9,8,36,0,24.6897681029348,6278.32293721419,969.304311138219,95,820.07,9470.59404289267,36,3.61091791264422,95
37,842.872,2002,9,15,37,1,24.6230670507689,6332.17162184412,1082.83175097917,94,955.63,9479.1646386034,37,3.63758615972639,94
38,958.85,2002,9,22,38,0,24.4440629685723,6350.11525049708,986.836671259393,94,1018.53,9549.77817474307,38,3.66356164612965,94
39,949.104,2002,9,29,39,0,24.0111256162649,6327.0389238195,1412.92490870096,94,1280.09,9874.89035726876,39,3.68887945411394,94
40,1049.499,2002,10,6,40,1,24.1086386996118,6351.63391975185,1302.20602628283,94,1101.05,9988.45132154188,40,3.71357206670431,94
41,874.395,2002,10,13,41,0,24.6874587345879,6409.03933941896,911.534719779439,94,1032.07,10021.6761893877,41,3.73766961828337,94
42,988.871,2002,10,20,42,1,24.8109254177877,6527.47214030172,831.961645803491,93,965.51,9985.01857044892,42,3.76120011569356,93
43,832.601,2002,10,27,43,0,24.7872689916199,6552.22721135293,1048.37202000769,94,1042.6,10029.116713404,43,3.78418963391826,94
44,1015.238,2002,11,3,44,1,24.4680223961104,6631.19939443093,885.03863941669,94,972.08,9998.28504206363,44,3.80666248977032,94
45,934.386,2002,11,10,45,0,24.253512534612,6647.0717778234,739.262037173779,95,1030.77,10029.2265378573,45,3.8286413964891,95
46,1006.776,2002,11,17,46,1,24.0378773814246,6667.59110065974,1175.79533189421,95,884.87,9911.17388407154,46,3.85014760171006,95
47,814.034,2002,11,24,47,0,24.4902390614142,6675.93305533488,777.45810116911,97,823.29,9743.34649566439,47,3.87120101090789,97
48,885.641,2002,12,1,48,1,24.3887219206825,6717.51531593082,769.512231469433,97,712.56,9481.57184609795,48,3.89182029811063,97
49,1046.161,2002,12,8,49,0,24.698388900088,6692.14195789987,1211.73381117737,97,774.98,9308.39466148815,49,3.91202300542815,97
50,1176.648,2002,12,15,50,1,23.9125499029635,6604.17231404405,1332.23297553091,97,564.4,8941.95519533934,50,3.93182563272433,97
51,1043.851,2002,12,22,51,0,24.6760333649711,6625.89710743773,1037.96234251865,98,324.94,8372.6996758054,51,3.95124371858143,98
52,850.63,2002,12,29,52,0,24.8108705151298,6530.36925087243,864.510375800268,98,163.9,7699.32970822486,52,3.97029191355212,98
53,978.652,2003,1,5,1,1,24.6146951451123,6523.20393531369,833.0058251816,98,0,6929.39673740238,53,3.98898404656427,98
54,1030.837,2003,1,12,2,0,24.7239438516739,6570.92252847855,1216.46564261629,98,190.13,6426.58706366214,54,4.00733318523247,98
55,1172.393,2003,1,19,3,1,24.7543093429209,6569.2928724426,1286.70268519992,98,656.18,6440.10835729593,55,4.02535169073515,98
56,1004.563,2003,1,26,4,0,24.8887380653513,6573.15658497307,1168.99078596457,97,776.1,6572.19752156634,56,4.04305126783455,97
57,1220.901,2003,2,2,5,1,24.8323596907612,6583.1672794102,1352.29213649213,97,738.37,6653.3477694097,57,4.06044301054642,97
58,1154.947,2003,2,9,6,0,24.8836532268099,6563.39824756968,1270.89742237476,97,762.27,6750.28299246873,58,4.07753744390572,97
59,1130.629,2003,2,16,7,1,24.9979182711969,6527.64234862437,1233.06335247919,96,846.09,6921.34469322186,59,4.0943445622221,96
60,1089.419,2003,2,23,8,0,25.0349312331527,6528.84120396806,1111.0973685984,97,1022.76,7251.97022389967,60,4.11087386417331,97
61,1225.007,2003,3,2,9,1,24.8954575416945,6558.39344595537,1257.21073203781,97,1005.32,7532.09320150971,61,4.12713438504509,97
62,1173.199,2003,3,9,10,0,24.5302180431748,6501.23903872122,1039.04703300359,97,679.06,7457.94388135874,62,4.14313472639153,97
63,1180.962,2003,3,16,11,1,25.035071417568,6497.26589606799,931.763399871126,97,795.08,7507.22949322286,63,4.15888308335967,97
64,1052.103,2003,3,23,12,0,24.9414130041143,6471.23488428877,1168.27662243608,97,792.34,7548.84654390058,64,4.17438726989564,97
65,1170.298,2003,3,30,13,1,24.8595343149215,6463.37324173487,1535.34741415387,97,829.97,7623.93188951052,65,4.18965474202643,97
66,1255.105,2003,4,6,14,0,24.6889744438048,6456.29907609961,1195.17750181969,99,933.2,7794.73870055947,66,4.20469261939097,99
67,1017.6,2003,4,13,15,0,24.8597000786674,6390.32402811894,872.036051471759,100,685.9,7701.16483050352,67,4.21950770517611,100
68,1102.01,2003,4,20,16,1,24.9551523267698,6461.40753111603,785.080130110654,101,611.36,7542.40834745317,68,4.23410650459726,101
69,1089.804,2003,4,27,17,0,24.8115212574917,6480.55362299715,1192.13790195865,102,818.51,7606.67751270785,69,4.24849524204936,102
70,1224.843,2003,5,4,18,1,24.8241503611732,6460.44508804925,1163.51369993558,102,1006.05,7852.05976143707,70,4.26267987704132,102
71,1056.649,2003,5,11,19,0,24.8104889133742,6456.96644270127,1064.06901399941,103,710.63,7777.48378529336,71,4.27666611901606,103
72,1299.342,2003,5,18,20,1,24.7380142505583,6428.21581637947,1028.96457281914,103,1119.96,8119.69540676403,72,4.29045944114839,103
73,1117.151,2003,5,25,21,0,24.7030361600074,6391.15899406773,852.710931977502,103,998.32,8306.04586608762,73,4.30406509320417,103
74,1355.08,2003,6,1,22,1,24.5253495971924,6437.17133603752,1067.80190444961,103,1190.81,8666.25127947886,74,4.31748811353631,103
75,1242.781,2003,6,8,23,0,24.6974484994355,6406.9459958554,914.442581155904,102,1058.05,8857.67615153097,75,4.33073334028633,102
76,1200.935,2003,6,15,24,1,24.4523851639714,6452.06809500477,1088.49944344071,101,1261.87,9233.77853637788,76,4.34380542185368,101
77,1182.227,2003,6,22,25,0,24.5961484664562,6419.1841276636,999.912912292531,101,940.81,9251.21068274009,77,4.35670882668959,101
78,1217.914,2003,6,29,26,0,24.2721755041098,6488.74704938955,1216.06371686954,102,1347.12,9673.20961446608,78,4.36944785246702,102
79,1358.36,2003,7,6,27,1,24.648932540905,6491.6235807925,1081.68408394442,101,1002.77,9708.65865301947,79,4.38202663467388,101
80,1220.912,2003,7,13,28,0,24.8378464224109,6446.28738937728,873.904266180704,100,1289.45,10027.2427877175,80,4.39444915467244,100
81,1351.225,2003,7,20,29,1,24.5608198824948,6474.36345058232,1025.92830649444,100,1069.21,10093.7285089458,81,4.40671924726425,100
82,1173.464,2003,7,27,30,0,24.6109985462935,6429.64742912247,1259.37675060356,101,1011.51,10095.8656580512,82,4.4188406077966,101
83,1521.733,2003,8,3,31,1,24.5196388277762,6496.45712513323,1407.34376935062,101,1120.09,10206.3690922461,83,4.43081679884331,101
84,1264.303,2003,8,10,32,0,24.9251220363614,6467.77850749953,1073.84038444746,99,955.25,10140.9821830215,84,4.44265125649032,99
85,1497.617,2003,8,17,33,1,25.0161221982344,6465.56326783409,1149.50570001847,100,814.28,9941.16396471932,85,4.45434729625351,100
86,1298.875,2003,8,24,34,0,24.7285687933861,6424.5475486793,907.959620610529,98,1239.67,10186.7175682474,86,4.46590811865458,98
87,1370.623,2003,8,31,35,1,24.7489916144624,6414.23370943537,820.701286059957,97,903.95,10071.9958114227,87,4.47733681447821,97
88,1341.836,2003,9,7,36,0,24.6306195812023,6380.57911765542,638.839618449279,99,1205.78,10270.5762302804,88,4.48863636973214,99
89,1162.551,2003,9,14,37,0,24.739015370576,6304.89419981268,651.41125722013,99,873.09,10116.6086072524,89,4.49980967033027,99
90,1258.343,2003,9,21,38,1,24.7376360564894,6311.53090518172,668.09306861497,102,783.09,9888.03774652712,90,4.51085950651685,102
91,1110.77,2003,9,28,39,0,24.3160757530581,6251.95453451758,793.208495671941,104,683.74,9582.9739718744,91,4.52178857704904,104
92,1408.6,2003,10,5,40,1,24.2044629654657,6270.46897721282,777.999588391475,106,773.93,9398.60657468696,92,4.53259949315326,106
93,1191.688,2003,10,12,41,0,23.7533240833752,6674.29755658038,1116.73197410648,106,1050.81,9509.55591721827,93,4.54329478227,106
94,1294.593,2003,10,19,42,1,24.0756241023523,6798.09191868256,993.540371292353,106,1344.93,9903.53032549644,94,4.55387689160054,106
95,1047.853,2003,10,26,43,0,24.2125727874929,6943.15082836565,683.63238042193,107,1153.98,10067.1572929468,95,4.56434819146784,107
96,1268.509,2003,11,2,44,1,23.8505989957252,6964.70242175278,1052.17112494814,105,1460.02,10520.4615636521,96,4.57471097850338,105
97,1258.154,2003,11,9,45,0,23.4462802201011,6967.79894377268,1342.98639380557,106,1407.1,10875.5154072869,97,4.58496747867057,106
98,1237.189,2003,11,16,46,1,23.9399140363739,7078.27565461806,1137.39001002378,106,1873.68,11661.6438665582,98,4.59511985013459,106
99,1066.51,2003,11,23,47,0,23.9518642884054,7080.92990274669,1131.4602486521,103,1535.45,12030.9294799024,99,4.60517018598809,103
100,1181.925,2003,11,30,48,1,23.9808509236271,7110.04506256957,1284.06652521642,108,1605.77,12433.6065319122,100,4.61512051684126,108
101,1123.091,2003,12,7,49,0,24.0429564699335,7067.70075515431,743.07563496624,105,1346.28,12536.5258787209,101,4.62497281328427,105
102,1021.28,2003,12,14,50,0,23.9289240430996,7038.36822015495,724.348736200517,105,1175.77,12458.6432908488,102,4.63472898822964,105
103,1040.848,2003,12,21,51,1,24.1085757003415,7043.65809968299,832.740522020265,106,680.3,11893.078961764,103,4.64439089914137,106
104,870.449,2003,12,28,52,0,24.4135872025031,7011.75827154792,849.980723855416,105,156.61,10860.3810655876,104,4.65396035015752,105
105,1122.432,2004,1,11,2,1,24.3888937713564,6664.87710168453,989.744780574457,94,12.79,9787.13295902881,105,4.66343909411207,94
106,1249.102,2004,1,18,3,1,24.4573987024441,6698.26934538307,941.981439952254,93,270.54,9078.95966312593,106,4.67282883446191,93
107,1137.206,2004,1,25,4,0,24.3909534445615,6738.02020633592,920.69487643003,90,991.28,9162.34369681334,107,4.68213122712422,90
108,1406.359,2004,2,1,5,1,24.2595849992851,6782.12684408904,1092.74348701331,90,1215.62,9461.729327132,108,4.69134788222914,90
109,1277.694,2004,2,8,6,0,24.3296061651905,6717.67183835632,825.859609161706,89,1611.49,10127.0463944188,109,4.70048036579242,89
110,1292.732,2004,2,15,7,1,24.3567116186547,6725.71917448974,972.147660025448,91,1031.97,10146.3117549769,110,4.70953020131233,91
111,1221.374,2004,2,22,8,0,24.358886948657,6681.07141540387,930.700858989369,90,1582.39,10714.0705794792,111,4.71849887129509,90
112,1388.45,2004,2,29,9,0,24.455015183994,6686.18030237711,950.491885921671,89,1088.69,10731.3535215313,112,4.72738781871234,89
113,1424.885,2004,3,7,10,1,23.9048865313097,6664.24695954926,928.767164601429,89,1421.13,11079.3481693782,113,4.7361984483945,89
114,1299.284,2004,3,14,11,0,23.9608943310603,6618.66314289333,949.054862643344,88,1074.88,11046.2933524404,114,4.74493212836325,88
115,1387.266,2004,3,21,12,1,23.7018425094568,6580.87674896205,929.243849623452,88,1645.39,11587.0540171963,115,4.75359019110636,88
116,1214.143,2004,3,28,13,0,23.9046786003228,6513.55568130463,803.855242472085,88,866.05,11294.3986154767,116,4.76217393479776,88
117,1453.795,2004,4,4,14,1,23.8199963907138,6511.91688729351,926.082996309912,87,1489.83,11654.788753929,117,4.77068462446567,87
118,1182.991,2004,4,11,15,0,23.8258975420965,6445.9733152505,673.229146932292,87,812.14,11301.4498785361,118,4.77912349311153,87
119,1471.267,2004,4,18,16,1,23.8606258319295,6509.14556570985,1003.2691439093,89,1003.3,11174.6048906825,119,4.78749174278205,89
120,1253.385,2004,4,25,17,0,23.7988455933322,6529.7654162406,975.390248152331,88,774.18,10831.3244016143,120,4.79579054559674,88
121,1394.243,2004,5,2,18,1,24.0458507165399,6580.10563580672,830.889140133545,87,1255.52,11003.7119614528,121,4.80402104473326,87
122,1230.455,2004,5,9,19,0,23.9144677416648,6575.9491194687,825.040099963741,88,918.11,10821.4507653076,122,4.81218435537242,88
123,1323.614,2004,5,16,20,1,23.9534186237426,6613.10169887062,854.274699395965,88,1158.78,10898.0856887768,123,4.82028156560504,88
124,1250.111,2004,5,23,21,0,23.9879861074619,6599.7487264134,894.390677506809,87,1109.73,10918.0071198991,124,4.8283137373023,87
125,1373.45,2004,5,30,22,1,23.7138088028625,6631.28400389882,966.090186506706,89,1176.23,11002.4364079092,125,4.83628190695148,89
126,1502.75,2004,6,6,23,0,23.8553878220198,6656.50461668808,989.723587592115,88,1221,11123.1927671183,126,4.84418708645859,88
127,1229.258,2004,6,13,24,0,24.1507402118394,6606.97103205527,815.940161944874,87,1063.67,11074.5434904065,127,4.85203026391962,87
128,1405.835,2004,6,20,25,1,24.20414865115,6589.05998634281,1092.64729540696,87,1757.99,11725.0791413658,128,4.85981240436167,87
129,1296.959,2004,6,27,26,0,23.632141487082,6551.60576996399,1550.28367211078,86,1264.17,11816.7412272292,129,4.86753445045558,86
130,1606.736,2004,7,4,27,1,23.5263809534852,6513.44504981161,1460.04252609449,85,974.04,11609.1071045063,130,4.87519732320115,85
131,1294.362,2004,7,11,28,0,24.1442589480408,6417.9801280122,1054.92762119846,87,942.4,11390.5963940557,131,4.88280192258637,87
132,1412.595,2004,7,18,29,1,23.8807363341365,6399.83098793097,1095.47768800764,86,1344.03,11595.5667546501,132,4.89034912822175,86
133,1232.555,2004,7,25,30,0,23.9616596394116,6335.27377008122,1136.84675769766,85,1350.82,11786.8300791851,133,4.89783979995091,85
134,1477.192,2004,8,1,31,1,23.4779134030909,6307.28828856767,1408.00980091379,84,1380.63,11988.7770712666,134,4.90527477843843,84
135,1398.211,2004,8,8,32,0,23.7162939163732,6284.84942398602,1342.20164845381,84,840.54,11630.4393641399,135,4.91265488573605,84
136,1413.714,2004,8,15,33,1,23.6671958145612,6262.36215954337,1097.46379101052,85,1362.11,11829.5054277259,136,4.91998092582813,85
137,1404.403,2004,8,22,34,0,23.5422986696396,6277.22463260735,1036.68354764998,84,824.27,11470.8248849533,137,4.92725368515721,84
138,1296.57,2004,8,29,35,0,23.2684302678453,6269.23446973602,864.459797593931,84,978.64,11302.382396458,138,4.93447393313069,84
139,1531.689,2004,9,5,36,1,23.4216171657361,6287.14975311061,651.825932996447,85,757.16,10929.3041568122,139,4.9416424226093,85
140,1217.642,2004,9,12,37,0,23.5559464499283,6212.12862968224,657.87051212441,84,934.46,10770.833741131,140,4.94875989037817,84
141,1294.762,2004,9,19,38,1,23.6281936937524,6195.1406046287,804.739108819129,83,997.77,10691.5203670179,141,4.95582705760126,83
142,1145.832,2004,9,26,39,0,23.8530420573556,6184.64944750185,823.395244497354,83,1391.46,11013.8283303161,142,4.96284463025991,83
143,1484.425,2004,10,3,40,1,23.1772517540314,6208.54703295596,761.680529139561,82,1446.52,11358.9654972845,143,4.969813299576,82
144,1266.021,2004,10,10,41,0,23.4606604303372,6182.73662800449,760.139212888684,82,1501.72,11724.788947556,144,4.97673374242057,82
145,1338.546,2004,10,17,42,1,23.4508870858051,6192.17770660823,1198.3175754128,80,1209.44,11761.7500528004,145,4.98360662170834,80
146,1182.353,2004,10,24,43,0,23.5023212989075,6163.65795914217,1163.31713375394,81,1406.1,11991.6750475204,146,4.99043258677874,81
147,1186.112,2004,10,31,44,1,23.7404779009783,6141.90791522572,812.733539874696,80,1185.07,11977.5775427684,147,4.99721227376411,80
148,1260.459,2004,11,7,45,0,23.5626965207291,6160.57033618194,731.593990175384,80,1563.03,12342.8497884915,148,5.00394630594546,80
149,1142.819,2004,11,14,46,0,23.6363824493084,6161.12774303719,766.800469115679,81,1239.14,12347.7048096424,149,5.01063529409626,81
150,1137.612,2004,11,21,47,1,23.6561139890152,6155.29854184353,815.89177874453,80,2074.63,13187.5643286781,150,5.01727983681492,80
151,1060.344,2004,11,28,48,0,23.1338254664244,6146.71622407055,978.509845056378,80,1282.45,13151.2578958103,151,5.02388052084628,80
152,1319.833,2004,12,5,49,1,22.8289899976621,6192.53063735516,1204.09319633859,79,1236.36,13072.4921062293,152,5.03043792139244,79
153,1066.076,2004,12,12,50,0,23.1047630043837,6143.2357978947,1115.21124128043,80,845.43,12610.6728956064,153,5.03695260241363,80
154,1165.943,2004,12,19,51,1,23.3876341025072,6181.83548862524,988.774387208155,81,850.23,12199.8356060457,154,5.04342511691925,81
155,958.471,2004,12,26,52,0,23.5181097355843,6096.61710141771,680.504375267404,80,856.28,11836.1320454412,155,5.04985600724954,80
156,1015.851,2005,1,2,1,1,23.5563676083397,6125.75770736301,687.532027828419,80,308.98,10961.498840897,156,5.05624580534831,80
157,1222.949,2005,1,9,2,0,23.7172014606337,6096.86099359934,787.696701969497,80,829.73,10695.0789568073,157,5.06259503302697,80
158,1355.221,2005,1,16,3,1,23.4991062551281,6157.03611524808,1152.05559965734,80,1079.83,10705.4010611266,158,5.06890420222023,80
159,1208.474,2005,1,23,4,0,24.1129920759282,6115.21900543207,1110.97602061905,81,1388.28,11023.1409550139,159,5.07517381523383,81
160,1255.626,2005,1,30,5,1,24.2556879198094,6146.50379058637,1013.17646809078,81,1451.04,11371.8668595125,160,5.08140436498446,81
161,1363.336,2005,2,6,6,0,24.3904504605598,6174.52982945659,955.746805254739,80,1106.77,11341.4501735613,161,5.08759633523238,80
162,1153.204,2005,2,13,7,0,24.4299984433211,6131.99999163884,954.722628265258,80,925.33,11132.6351562052,162,5.09375020080676,80
163,1254.329,2005,2,20,8,1,24.4138739625644,6141.43933122899,972.758489773115,80,992.43,11011.8016405846,163,5.0998664278242,80
164,1210.281,2005,2,27,9,0,24.28567466598,6134.27504621704,812.634269325343,79,1134.76,11045.3814765262,164,5.10594547390058,79
165,1452.206,2005,3,6,10,1,23.8830638946539,6098.93239958294,717.46880177094,80,954.01,10894.8533288736,165,5.11198778835654,80
166,1163.396,2005,3,13,11,0,24.3665005838792,6082.72688724124,708.46375943374,79,1188.25,10993.6179959862,166,5.11799381241676,79
167,1249.247,2005,3,20,12,1,24.5420361794774,6081.70315159129,726.800129845431,81,1002.31,10896.5661963876,167,5.12396397940326,81
168,1142.201,2005,3,27,13,0,24.5662710932173,6019.36143052887,599.481161389013,80,1317.72,11124.6295767488,168,5.12989871492307,80
169,1519.652,2005,4,3,14,1,24.5035818934779,6022.79451856445,811.508129039289,79,1468.43,11480.5966190739,169,5.13579843705026,79
170,1340.341,2005,4,10,15,0,24.457334132572,5955.10236845443,805.054506931475,79,1375.09,11707.6269571666,170,5.14166355650266,79
171,1394.938,2005,4,17,16,1,24.1773555082325,5943.66897976389,882.203533157827,80,1404.51,11941.3742614499,171,5.14749447681345,80
172,1201.78,2005,4,24,17,0,24.1553285558687,5916.62327523545,924.120109276993,79,1275.53,12022.7668353049,172,5.15329159449778,79
173,1307.709,2005,5,1,18,1,24.0184788458657,5919.91788788559,853.454947668333,78,1267.77,12088.2601517744,173,5.15905529921453,78
174,1293.007,2005,5,8,19,0,23.9644471371412,5872.82643093654,984.00607481913,79,956.05,11835.484136597,174,5.16478597392351,79
175,1302.206,2005,5,15,20,1,23.792913065776,5864.03268404072,1163.83984399642,77,924.12,11576.0557229373,175,5.17048399503815,77
176,1246.992,2005,5,22,21,0,24.1131434817486,5817.9846869654,1071.03003278214,78,1084.71,11503.1601506436,176,5.17614973257383,78
177,1232.973,2005,5,29,22,0,23.8946148161258,5801.21401720495,890.860548495357,77,1090.61,11443.4541355792,177,5.18178355029209,77
178,1522.092,2005,6,5,23,1,24.0346035477093,5794.29070752654,771.594579701103,76,1190.56,11489.6687220213,178,5.18738580584075,76
179,1205.71,2005,6,12,24,0,23.8591562170407,5741.83336199614,689.864079199209,75,1045.33,11386.0318498192,179,5.19295685089021,75
180,1353.595,2005,6,19,25,1,24.0179431266372,5728.14001716886,839.557451653665,76,1237.49,11484.9186648372,180,5.19849703126583,76
181,1319.845,2005,6,26,26,0,23.5052565164382,5645.10932665558,1088.07112349352,76,992.96,11329.3867983535,181,5.2040066870768,76
182,1613.722,2005,7,3,27,1,23.477382131972,5647.50538044353,1162.38239123676,76,1422.44,11618.8881185182,182,5.20948615284142,76
183,1389.07,2005,7,10,28,0,23.8479386853912,5513.60956817472,787.26721442379,77,998.86,11455.8593066663,183,5.21493575760899,77
184,1488.207,2005,7,17,29,1,23.699887153585,5422.63242178465,989.553672225787,77,1077.4,11387.6733759997,184,5.22035582507832,77
185,1286.221,2005,7,24,30,0,23.8448511741504,5399.55500307092,754.907196173795,76,812.49,11061.3960383997,185,5.2257466737132,76
186,1479.724,2005,7,31,31,1,23.5364361060706,5407.75628219467,882.927152636485,77,1287.5,11242.7564345598,186,5.23110861685459,77
187,1513.679,2005,8,7,32,0,23.7333389258151,5350.60256589644,850.723623937482,77,1014.2,11132.6807911038,187,5.23644196282995,77
188,1382.497,2005,8,14,33,0,23.9862887721965,5269.92733492469,806.387962674636,76,1399.62,11419.0327119934,188,5.24174701505964,76
189,1591.254,2005,8,21,34,1,23.9688101508072,5198.29549674913,987.962612083933,75,1104.08,11381.2094407941,189,5.24702407216049,75
190,1291.376,2005,8,28,35,0,23.7678068230592,5131.26137402556,865.059000075844,75,1153.94,11397.0284967147,190,5.25227342804663,75
191,1646.296,2005,9,4,36,1,23.4034943550958,5120.19824924641,1031.62810028295,76,947.8,11205.1256470432,191,5.25749537202778,76
192,1286.175,2005,9,11,37,0,23.5456449515389,5070.54683542672,862.572768685312,73,1288.19,11372.8030823389,192,5.26269018890489,73
193,1353.075,2005,9,18,38,1,23.9309561954971,5090.74863823312,842.408201498976,73,972.29,11207.812774105,193,5.26785815906333,73
194,1234.836,2005,9,25,39,0,23.8570991274005,5112.1435102159,860.054563602195,73,1291.84,11378.8714966945,194,5.27299955856375,73
195,1463.056,2005,10,2,40,1,23.78350349019,5134.86182343074,888.757024874193,74,1336.98,11577.964347025,195,5.27811465923052,74
196,1383.212,2005,10,9,41,0,23.5801102770691,5129.97900340205,927.781724438942,73,1531.06,11951.2279123225,196,5.28320372873799,73
197,1396.041,2005,10,16,42,1,23.7915428463739,5135.89407335174,982.952404890056,71,1198.9,11955.0051210903,197,5.28826703069454,71
198,1255.695,2005,10,23,43,0,23.7768991300402,5132.06932836221,740.745482308817,70,1307.33,12066.8346089813,198,5.29330482472449,70
199,1221.145,2005,10,30,44,1,23.706185395646,5131.81825990896,786.972350540271,73,1368.52,12228.6711480831,199,5.29831736654804,73
200,1308.421,2005,11,6,45,0,23.6990968261546,5126.25268219684,742.82396842704,73,1535.12,12540.9240332748,200,5.30330490805908,73
201,1170.288,2005,11,13,46,0,23.7175992722616,5121.8124568055,784.049353090674,72,1329.47,12616.3016299473,201,5.30826769740121,72
202,1276.112,2005,11,20,47,1,23.8450824263727,5107.05429777379,704.799054913365,71,1377.28,12731.9514669526,202,5.31320597904179,71
203,1060.092,2005,11,27,48,0,23.8836514450356,5080.96026368409,878.269932113937,71,868.2,12326.9563202573,203,5.31811999384422,71
204,1320.962,2005,12,4,49,1,24.2669900340328,5068.55610934205,639.093323207227,70,1111.74,12206.0006882316,204,5.32300997913841,70
205,1086.432,2005,12,11,50,0,24.4069761842022,5037.94454196437,606.771362334429,71,856.47,11841.8706194084,205,5.32787616878958,71
206,1161.755,2005,12,18,51,1,24.5989221312205,5025.33152552351,628.962894905721,75,866.43,11524.1135574676,206,5.33271879326537,75
207,952.529,2005,12,25,52,0,24.7887138121501,5002.15584472935,463.531062727165,70,134.9,10506.6022017208,207,5.33753807970132,70
208,1029.994,2006,1,1,1,1,24.4145712458841,4791.4665880462,559.602852978959,67,217.73,9673.67198154876,208,5.34233425196481,67
209,1319.245,2006,1,8,2,0,24.8033848353559,4805.91310642806,672.374833462256,66,716.36,9422.66478339388,209,5.34710753071747,66
210,1366.226,2006,1,15,3,1,24.7375644014423,4799.73627210936,780.760660586208,67,1210.78,9691.1783050545,210,5.35185813347607,67
211,1273.89,2006,1,22,4,0,24.7836091454272,4801.80519393908,766.909572748549,68,1352.66,10074.720474549,211,5.35658627467201,68
212,1254.052,2006,1,29,5,0,24.72736440904,4774.68030609015,778.177695213311,67,1587.62,10654.8684270941,212,5.36129216570943,67
213,1428.28,2006,2,5,6,1,24.5887979734391,4776.42832856283,867.780029891216,67,1276.51,10865.8915843847,213,5.36597601502185,67
214,1324.65,2006,2,12,7,0,24.5361100661388,4761.55480623893,749.522372795487,67,1190.15,10969.4524259463,214,5.37063802812766,67
215,1375.69,2006,2,19,8,1,24.396984229917,4756.8434167379,853.00581519817,69,1309.8,11182.3071833516,215,5.37527840768417,69
216,1250.214,2006,2,26,9,0,24.4136680238754,4737.15143029669,857.189248066244,67,1725.92,11789.9964650165,216,5.37989735354046,67
217,1577.877,2006,3,5,10,1,24.459921167161,4741.85082401724,1025.3281844901,76,1320.9,11931.8968185148,217,5.38449506278909,76
218,1293.397,2006,3,12,11,0,24.5102054260199,4729.62008822029,818.653692158718,76,1426.18,12164.8871366633,218,5.3890717298165,76
219,1389.579,2006,3,19,12,1,24.5619699706982,4721.88407020657,917.32800939427,77,997.96,11946.358422997,219,5.39362754635236,77
220,1287.789,2006,3,26,13,0,24.6117738134792,4701.35378655134,817.714799541094,74,874.39,11626.1125806973,220,5.39816270151775,74
221,1493.353,2006,4,2,14,1,24.611851807106,4707.30112088316,906.547155406115,72,1338.83,11802.3313226276,221,5.40267738187228,72
222,1332.874,2006,4,9,15,0,24.6915430894268,4740.85508277929,660.21651589928,76,1432.33,12054.4281903648,222,5.40717177146012,76
223,1347.108,2006,4,16,16,1,24.6723485659845,4731.573140542,926.372841400554,77,1101.06,11950.0453713283,223,5.41164605185504,77
224,1351.521,2006,4,23,17,0,24.9039318071858,4720.60968441595,994.085933404791,78,1541.37,12296.4108341955,224,5.41610040220442,78
225,1324.508,2006,4,30,18,1,24.8714978916165,4684.37703582432,1008.9842873925,78,1570.96,12637.729750776,225,5.42053499927229,78
226,1471.545,2006,5,7,19,0,24.9146567895605,4696.06298950749,727.956355302774,78,1004.56,12378.5167756984,226,5.4249500174814,78
227,1231.977,2006,5,14,20,0,24.874493763168,4719.61106061115,702.561614568966,77,1316.8,12457.4650981285,227,5.42934562895444,77
228,1443.189,2006,5,21,21,1,25.1643115797156,4743.34084984102,834.453503597284,78,1392.22,12603.9385883157,228,5.43372200355424,78
229,1254.298,2006,5,28,22,0,25.1952842095411,4709.58166346463,785.0224131151,64,1278.41,12621.9547294841,229,5.4380793089232,64
230,1614.053,2006,6,4,23,1,25.0662304316722,4654.57488238482,734.488044814803,67,1477.01,12836.7692565357,230,5.44241771052179,67
231,1314.646,2006,6,11,24,0,24.8236595146945,4569.88304215843,797.43279206475,71,1311.78,12864.8723308821,231,5.44673737166631,71
232,1395.603,2006,6,18,25,1,24.7507561210442,4510.16132420979,798.183703470082,70,1066.94,12645.3250977939,232,5.4510384535657,70
233,1468.453,2006,6,25,26,0,24.3465945513078,4507.29685164819,1376.28934533755,63,1094.47,12475.2625880145,233,5.4553211153577,63
234,1601.195,2006,7,2,27,1,24.1731021986405,4471.83922346786,1256.75928291297,62,1142.4,12370.1363292131,234,5.45958551414416,62
235,1408.57,2006,7,9,28,0,24.3617321821245,4443.67894405458,567.204780726061,64,1221.38,12354.5026962918,235,5.46383180502561,64
236,1517.355,2006,7,16,29,1,24.3277101122883,4460.36714716422,985.625960395402,62,751.21,11870.2624266626,236,5.46806014113513,62
237,1408.848,2006,7,23,30,0,24.3789159862942,4416.18367605235,1327.27091262654,60,997.86,11681.0961839963,237,5.47227067367148,60
238,1487.646,2006,7,30,31,1,24.2140533857373,4399.33034650896,1358.8229153331,60,1065.02,11578.0065655967,238,5.47646355193151,60
239,1583.252,2006,8,6,32,0,24.4880592344511,4413.2940071412,1168.52391068082,60,842.7,11262.905909037,239,5.48063892334199,60
240,1338.887,2006,8,13,33,0,24.5144323704182,4374.94274438724,1103.18757473348,60,1056.03,11192.6453181333,240,5.48479693349065,60
241,1700.287,2006,8,20,34,1,24.5329435764354,4409.60045776429,1241.44506006742,61,1070.27,11143.65078632,241,5.48893772615669,61
242,1384.766,2006,8,27,35,0,24.3131785010824,4406.88620545042,1000.46348135172,62,1176.48,11205.765707688,242,5.49306144334055,62
243,1602.74,2006,9,3,36,1,23.8329847148676,4414.09790552627,574.733640749862,60,909.36,10994.5491369192,243,5.4971682252932,60
244,1399.717,2006,9,10,37,0,23.8343585395019,4415.52563164982,618.997026460996,60,1095.08,10990.1742232273,244,5.50125821054473,60
245,1406.673,2006,9,17,38,1,23.9124993530142,4357.2327297341,590.221182385748,62,902.83,10793.9868009045,245,5.50533153593236,62
246,1318.571,2006,9,24,39,0,24.0487847679787,4278.10996943989,870.874542652899,62,788.14,10502.7281208141,246,5.50938833662798,62
247,1488.817,2006,10,1,40,1,24.0205482880304,4252.32990487288,884.702512247105,62,848.7,10301.1553087327,247,5.51342874616498,62
248,1428.098,2006,10,8,41,0,24.1986835580013,4331.75904881827,819.253761307192,64,1010.32,10281.3597778594,248,5.51745289646471,64
249,1433.067,2006,10,15,42,1,24.3699238720749,4351.02204283875,646.05607033263,65,1100.22,10353.4438000735,249,5.52146091786225,65
250,1280.895,2006,10,22,43,0,24.7151159356599,4336.61970134888,700.74801591265,63,1118.72,10436.8194200661,250,5.52545293913178,63
251,1175.816,2006,10,29,44,0,24.8771371709174,4345.20324162135,665.75061762057,62,1123.19,10516.3274780595,251,5.52942908751142,62
252,1356.271,2006,11,5,45,1,24.8150411268283,4345.4556503923,595.802381629292,61,1533.69,10998.3847302536,252,5.53338948872752,61
253,1190.387,2006,11,12,46,0,24.9029086492009,4329.99306920011,555.966029518702,61,1547.73,11446.2762572282,253,5.53733426701854,61
254,1280.115,2006,11,19,47,1,24.9511443690787,4345.71537934312,553.841219025087,61,1184.48,11486.1286315054,254,5.54126354515843,61
255,1111.957,2006,11,26,48,0,25.0208398238977,4328.4952118734,468.385873553551,61,756.48,11093.9957683548,255,5.54517744447956,61
256,1295.583,2006,12,3,49,1,25.620029862512,4345.95128443423,501.46515277885,71,625.37,10609.9661915194,256,5.54907608489522,71
257,1100.332,2006,12,10,50,0,25.689025229192,4330.35179859846,468.063462439994,61,415.47,9964.43957236743,257,5.55295958492162,61
258,1154.962,2006,12,17,51,1,25.6163355187962,4322.59542106741,447.506387573074,61,235.52,9203.51561513068,258,5.55682806169954,61
259,1051.937,2006,12,24,52,0,25.3952317720774,4296.55288604509,410.722255028467,82,204.99,8488.15405361762,259,5.56068163101553,82
260,1019.339,2006,12,31,53,1,25.7797918874702,4307.48860649308,410.973015441607,62,312.89,7952.22864825585,260,5.56452040732269,62
